"Date","Time","Quantity","Units","Service","Meter","Account"
8/20/2019,11:59 PM,33.5339999999997,"kWh","Electricity","578386","8771398385"
8/21/2019,11:59 PM,30.7799999999988,"kWh","Electricity","578386","8771398385"
8/22/2019,11:59 PM,28.5080000000016,"kWh","Electricity","578386","8771398385"
8/23/2019,11:59 PM,22.5479999999989,"kWh","Electricity","578386","8771398385"
8/24/2019,11:59 PM,29.0010000000002,"kWh","Electricity","578386","8771398385"
8/25/2019,11:59 PM,28.3869999999988,"kWh","Electricity","578386","8771398385"
8/26/2019,11:59 PM,30.4130000000005,"kWh","Electricity","578386","8771398385"
8/27/2019,11:59 PM,24.4770000000026,"kWh","Electricity","578386","8771398385"
8/28/2019,11:59 PM,25.012999999999,"kWh","Electricity","578386","8771398385"
8/29/2019,11:59 PM,27.8339999999989,"kWh","Electricity","578386","8771398385"
8/30/2019,11:59 PM,24.9599999999991,"kWh","Electricity","578386","8771398385"
8/31/2019,11:59 PM,25.5900000000001,"kWh","Electricity","578386","8771398385"
9/1/2019,11:59 PM,29.2010000000009,"kWh","Electricity","578386","8771398385"
9/2/2019,11:59 PM,34.6899999999987,"kWh","Electricity","578386","8771398385"
9/3/2019,11:59 PM,36.9490000000005,"kWh","Electricity","578386","8771398385"
9/4/2019,11:59 PM,20.9399999999987,"kWh","Electricity","578386","8771398385"
9/5/2019,11:59 PM,33.1460000000006,"kWh","Electricity","578386","8771398385"
9/6/2019,11:59 PM,31.005000000001,"kWh","Electricity","578386","8771398385"
9/7/2019,11:59 PM,35.351999999999,"kWh","Electricity","578386","8771398385"
9/8/2019,11:59 PM,29.5440000000017,"kWh","Electricity","578386","8771398385"
9/9/2019,11:59 PM,23.2330000000002,"kWh","Electricity","578386","8771398385"
9/10/2019,11:59 PM,30.7700000000004,"kWh","Electricity","578386","8771398385"
9/11/2019,11:59 PM,23.8209999999999,"kWh","Electricity","578386","8771398385"
9/12/2019,11:59 PM,23.8819999999978,"kWh","Electricity","578386","8771398385"
9/13/2019,11:59 PM,26.2469999999994,"kWh","Electricity","578386","8771398385"
9/14/2019,11:59 PM,34.4440000000031,"kWh","Electricity","578386","8771398385"
9/15/2019,11:59 PM,29.0849999999991,"kWh","Electricity","578386","8771398385"
9/16/2019,11:59 PM,30.398000000001,"kWh","Electricity","578386","8771398385"
9/17/2019,11:59 PM,25.2849999999962,"kWh","Electricity","578386","8771398385"
9/18/2019,11:59 PM,32.1330000000016,"kWh","Electricity","578386","8771398385"
9/19/2019,11:59 PM,27.2860000000001,"kWh","Electricity","578386","8771398385"
9/20/2019,11:59 PM,29.4759999999987,"kWh","Electricity","578386","8771398385"
9/21/2019,11:59 PM,30.4210000000021,"kWh","Electricity","578386","8771398385"
9/22/2019,11:59 PM,16.1239999999998,"kWh","Electricity","578386","8771398385"
9/23/2019,11:59 PM,21.5730000000003,"kWh","Electricity","578386","8771398385"
9/24/2019,11:59 PM,26.1359999999986,"kWh","Electricity","578386","8771398385"
9/25/2019,11:59 PM,18.0930000000008,"kWh","Electricity","578386","8771398385"
9/26/2019,11:59 PM,29.5649999999987,"kWh","Electricity","578386","8771398385"
9/27/2019,11:59 PM,24.9000000000015,"kWh","Electricity","578386","8771398385"
9/28/2019,11:59 PM,14.5499999999993,"kWh","Electricity","578386","8771398385"
9/29/2019,11:59 PM,26.0679999999993,"kWh","Electricity","578386","8771398385"
9/30/2019,11:59 PM,23.1840000000011,"kWh","Electricity","578386","8771398385"
10/1/2019,10:15 PM,18.4069999999992,"kWh","Electricity","578386","8771398385"
10/2/2019,11:59 PM,21.4140000000007,"kWh","Electricity","578386","8771398385"
10/3/2019,11:59 PM,29.1820000000007,"kWh","Electricity","578386","8771398385"
10/4/2019,11:59 PM,21.5669999999991,"kWh","Electricity","578386","8771398385"
10/5/2019,11:59 PM,29.4939999999988,"kWh","Electricity","578386","8771398385"
10/6/2019,11:59 PM,17.7640000000029,"kWh","Electricity","578386","8771398385"
10/7/2019,11:59 PM,17.5599999999977,"kWh","Electricity","578386","8771398385"
10/8/2019,11:59 PM,22.9249999999993,"kWh","Electricity","578386","8771398385"
10/9/2019,11:59 PM,19.4110000000001,"kWh","Electricity","578386","8771398385"
10/10/2019,11:59 PM,33.2760000000017,"kWh","Electricity","578386","8771398385"
10/11/2019,11:59 PM,24.5669999999991,"kWh","Electricity","578386","8771398385"
10/12/2019,11:59 PM,27.0169999999998,"kWh","Electricity","578386","8771398385"
10/13/2019,11:59 PM,24.2800000000025,"kWh","Electricity","578386","8771398385"
10/14/2019,11:59 PM,22.387999999999,"kWh","Electricity","578386","8771398385"
10/15/2019,11:59 PM,21.5400000000009,"kWh","Electricity","578386","8771398385"
10/16/2019,11:59 PM,22.3499999999985,"kWh","Electricity","578386","8771398385"
10/17/2019,11:59 PM,23.2700000000004,"kWh","Electricity","578386","8771398385"
10/18/2019,11:59 PM,19.4589999999989,"kWh","Electricity","578386","8771398385"
10/19/2019,11:59 PM,29.974000000002,"kWh","Electricity","578386","8771398385"
10/20/2019,11:59 PM,26.4449999999997,"kWh","Electricity","578386","8771398385"
10/21/2019,11:59 PM,20.3070000000007,"kWh","Electricity","578386","8771398385"
10/22/2019,11:59 PM,30.7639999999992,"kWh","Electricity","578386","8771398385"
10/23/2019,11:59 PM,15.4019999999982,"kWh","Electricity","578386","8771398385"
10/24/2019,11:59 PM,28.2330000000002,"kWh","Electricity","578386","8771398385"
10/25/2019,11:59 PM,23.3970000000008,"kWh","Electricity","578386","8771398385"
10/26/2019,11:59 PM,26.2210000000014,"kWh","Electricity","578386","8771398385"
10/27/2019,11:59 PM,34.1939999999995,"kWh","Electricity","578386","8771398385"
10/28/2019,11:59 PM,50.1630000000005,"kWh","Electricity","578386","8771398385"
10/29/2019,11:59 PM,49.4779999999992,"kWh","Electricity","578386","8771398385"
10/30/2019,11:59 PM,47.7419999999984,"kWh","Electricity","578386","8771398385"
10/31/2019,11:59 PM,37.648000000001,"kWh","Electricity","578386","8771398385"
11/1/2019,11:59 PM,29.3250000000007,"kWh","Electricity","578386","8771398385"
11/2/2019,11:59 PM,28.4789999999994,"kWh","Electricity","578386","8771398385"
11/3/2019,11:59 PM,30.2639999999992,"kWh","Electricity","578386","8771398385"
11/4/2019,11:59 PM,25.8870000000024,"kWh","Electricity","578386","8771398385"
11/5/2019,11:59 PM,18.8119999999981,"kWh","Electricity","578386","8771398385"
11/6/2019,11:59 PM,21.1419999999998,"kWh","Electricity","578386","8771398385"
11/7/2019,11:59 PM,26.9639999999999,"kWh","Electricity","578386","8771398385"
11/8/2019,11:59 PM,25.2930000000015,"kWh","Electricity","578386","8771398385"
11/9/2019,11:59 PM,19.9269999999997,"kWh","Electricity","578386","8771398385"
11/10/2019,11:59 PM,23.6759999999995,"kWh","Electricity","578386","8771398385"
11/11/2019,11:59 PM,20.255000000001,"kWh","Electricity","578386","8771398385"
11/12/2019,11:59 PM,33.3969999999972,"kWh","Electricity","578386","8771398385"
11/13/2019,11:59 PM,19.5280000000021,"kWh","Electricity","578386","8771398385"
11/14/2019,11:59 PM,23.8919999999998,"kWh","Electricity","578386","8771398385"
11/15/2019,11:59 PM,27.869999999999,"kWh","Electricity","578386","8771398385"
11/16/2019,11:59 PM,20.6680000000015,"kWh","Electricity","578386","8771398385"
11/17/2019,11:59 PM,27.518,"kWh","Electricity","578386","8771398385"
11/18/2019,11:59 PM,21.2880000000005,"kWh","Electricity","578386","8771398385"
11/19/2019,11:59 PM,21.2409999999982,"kWh","Electricity","578386","8771398385"
11/20/2019,11:59 PM,20.3580000000002,"kWh","Electricity","578386","8771398385"
11/21/2019,11:59 PM,32.4799999999996,"kWh","Electricity","578386","8771398385"
11/22/2019,11:59 PM,31.4400000000023,"kWh","Electricity","578386","8771398385"
11/23/2019,11:59 PM,25.2429999999986,"kWh","Electricity","578386","8771398385"
11/24/2019,11:59 PM,26.9189999999981,"kWh","Electricity","578386","8771398385"
11/25/2019,11:59 PM,18.9750000000022,"kWh","Electricity","578386","8771398385"
11/26/2019,11:59 PM,18.3650000000016,"kWh","Electricity","578386","8771398385"
11/27/2019,11:59 PM,28.4129999999968,"kWh","Electricity","578386","8771398385"
11/28/2019,11:59 PM,18.1840000000011,"kWh","Electricity","578386","8771398385"
11/29/2019,11:59 PM,14.6209999999992,"kWh","Electricity","578386","8771398385"
11/30/2019,11:59 PM,31.3500000000022,"kWh","Electricity","578386","8771398385"
12/1/2019,11:59 PM,24.5769999999975,"kWh","Electricity","578386","8771398385"
12/2/2019,11:59 PM,23.8820000000014,"kWh","Electricity","578386","8771398385"
12/3/2019,11:59 PM,18.4860000000008,"kWh","Electricity","578386","8771398385"
12/4/2019,11:59 PM,20.0419999999976,"kWh","Electricity","578386","8771398385"
12/5/2019,11:59 PM,24.0780000000013,"kWh","Electricity","578386","8771398385"
12/6/2019,11:59 PM,28.8830000000016,"kWh","Electricity","578386","8771398385"
12/7/2019,11:59 PM,27.0979999999981,"kWh","Electricity","578386","8771398385"
12/8/2019,11:59 PM,24.0240000000013,"kWh","Electricity","578386","8771398385"
12/9/2019,11:59 PM,25.4569999999985,"kWh","Electricity","578386","8771398385"
12/10/2019,11:59 PM,28.1399999999994,"kWh","Electricity","578386","8771398385"
12/11/2019,11:59 PM,27.2139999999999,"kWh","Electricity","578386","8771398385"
12/12/2019,11:59 PM,31.6949999999997,"kWh","Electricity","578386","8771398385"
12/13/2019,11:59 PM,23.2980000000025,"kWh","Electricity","578386","8771398385"
12/14/2019,11:59 PM,34.1139999999978,"kWh","Electricity","578386","8771398385"
12/15/2019,11:59 PM,52.5200000000004,"kWh","Electricity","578386","8771398385"
12/16/2019,11:59 PM,41.6380000000026,"kWh","Electricity","578386","8771398385"
12/17/2019,11:59 PM,30.9589999999989,"kWh","Electricity","578386","8771398385"
12/18/2019,11:59 PM,25.7109999999993,"kWh","Electricity","578386","8771398385"
12/19/2019,11:59 PM,17.3509999999987,"kWh","Electricity","578386","8771398385"
12/20/2019,11:59 PM,22.3290000000015,"kWh","Electricity","578386","8771398385"
12/21/2019,11:59 PM,13.4579999999987,"kWh","Electricity","578386","8771398385"
12/22/2019,11:59 PM,14.956000000002,"kWh","Electricity","578386","8771398385"
12/23/2019,11:59 PM,9.60599999999977,"kWh","Electricity","578386","8771398385"
12/24/2019,11:59 PM,13.2749999999978,"kWh","Electricity","578386","8771398385"
12/25/2019,11:59 PM,9.67700000000332,"kWh","Electricity","578386","8771398385"
12/26/2019,11:59 PM,13.1619999999966,"kWh","Electricity","578386","8771398385"
12/27/2019,11:59 PM,22.737000000001,"kWh","Electricity","578386","8771398385"
12/28/2019,11:59 PM,26.1929999999993,"kWh","Electricity","578386","8771398385"
12/29/2019,11:59 PM,20.9600000000028,"kWh","Electricity","578386","8771398385"
12/30/2019,11:59 PM,22.0109999999986,"kWh","Electricity","578386","8771398385"
12/31/2019,10:15 PM,18.1959999999999,"kWh","Electricity","578386","8771398385"
1/1/2020,11:59 PM,13.226999999999,"kWh","Electricity","578386","8771398385"
1/2/2020,11:59 PM,11.9470000000001,"kWh","Electricity","578386","8771398385"
1/3/2020,11:59 PM,12.9439999999995,"kWh","Electricity","578386","8771398385"
1/4/2020,11:59 PM,10.3230000000003,"kWh","Electricity","578386","8771398385"
1/5/2020,11:59 PM,14.5110000000022,"kWh","Electricity","578386","8771398385"
1/6/2020,11:59 PM,12.4290000000001,"kWh","Electricity","578386","8771398385"
1/7/2020,11:59 PM,9.85099999999875,"kWh","Electricity","578386","8771398385"
1/8/2020,11:59 PM,8.36599999999817,"kWh","Electricity","578386","8771398385"
1/9/2020,11:59 PM,15.1430000000037,"kWh","Electricity","578386","8771398385"
1/10/2020,11:59 PM,17.132999999998,"kWh","Electricity","578386","8771398385"
1/11/2020,11:59 PM,27.0220000000008,"kWh","Electricity","578386","8771398385"
1/12/2020,11:59 PM,17.1499999999978,"kWh","Electricity","578386","8771398385"
1/13/2020,11:59 PM,24.0500000000029,"kWh","Electricity","578386","8771398385"
1/14/2020,11:59 PM,14.7069999999985,"kWh","Electricity","578386","8771398385"
1/15/2020,11:59 PM,19.4369999999981,"kWh","Electricity","578386","8771398385"
1/16/2020,11:59 PM,29.2200000000012,"kWh","Electricity","578386","8771398385"
1/17/2020,11:59 PM,25.8349999999991,"kWh","Electricity","578386","8771398385"
1/18/2020,11:59 PM,31.8940000000002,"kWh","Electricity","578386","8771398385"
1/19/2020,11:59 PM,27.5730000000003,"kWh","Electricity","578386","8771398385"
1/20/2020,11:59 PM,32.7220000000016,"kWh","Electricity","578386","8771398385"
1/21/2020,11:59 PM,27.2419999999984,"kWh","Electricity","578386","8771398385"
1/22/2020,11:59 PM,22.206000000002,"kWh","Electricity","578386","8771398385"
1/23/2020,11:59 PM,33.5449999999983,"kWh","Electricity","578386","8771398385"
1/24/2020,11:59 PM,28.4330000000009,"kWh","Electricity","578386","8771398385"
1/25/2020,11:59 PM,28.1260000000002,"kWh","Electricity","578386","8771398385"
1/26/2020,11:59 PM,26.6140000000014,"kWh","Electricity","578386","8771398385"
1/27/2020,11:59 PM,30.2989999999991,"kWh","Electricity","578386","8771398385"
1/28/2020,11:59 PM,21.4840000000004,"kWh","Electricity","578386","8771398385"
1/29/2020,11:59 PM,31.7059999999983,"kWh","Electricity","578386","8771398385"
1/30/2020,11:59 PM,34.3369999999995,"kWh","Electricity","578386","8771398385"
1/31/2020,11:59 PM,39.487000000001,"kWh","Electricity","578386","8771398385"
2/1/2020,11:59 PM,24.5590000000011,"kWh","Electricity","578386","8771398385"
2/2/2020,11:59 PM,23.6100000000006,"kWh","Electricity","578386","8771398385"
2/3/2020,11:59 PM,32.8249999999971,"kWh","Electricity","578386","8771398385"
2/4/2020,11:59 PM,45.3240000000005,"kWh","Electricity","578386","8771398385"
2/5/2020,11:59 PM,46.9960000000028,"kWh","Electricity","578386","8771398385"
2/6/2020,11:59 PM,36.4069999999992,"kWh","Electricity","578386","8771398385"
2/7/2020,11:59 PM,37.8479999999981,"kWh","Electricity","578386","8771398385"
2/8/2020,11:59 PM,30.8179999999993,"kWh","Electricity","578386","8771398385"
2/9/2020,11:59 PM,33.4910000000018,"kWh","Electricity","578386","8771398385"
2/10/2020,11:59 PM,27.5730000000003,"kWh","Electricity","578386","8771398385"
2/11/2020,11:59 PM,40.0979999999981,"kWh","Electricity","578386","8771398385"
2/12/2020,11:59 PM,32.2400000000016,"kWh","Electricity","578386","8771398385"
2/13/2020,11:59 PM,42.5859999999993,"kWh","Electricity","578386","8771398385"
2/14/2020,11:59 PM,35.9209999999985,"kWh","Electricity","578386","8771398385"
2/15/2020,11:59 PM,28.2870000000003,"kWh","Electricity","578386","8771398385"
2/16/2020,11:59 PM,33.3040000000001,"kWh","Electricity","578386","8771398385"
2/17/2020,11:59 PM,27.2160000000003,"kWh","Electricity","578386","8771398385"
2/18/2020,11:59 PM,46.8450000000012,"kWh","Electricity","578386","8771398385"
2/19/2020,11:59 PM,35.7050000000017,"kWh","Electricity","578386","8771398385"
2/20/2020,11:59 PM,36.8109999999979,"kWh","Electricity","578386","8771398385"
2/21/2020,11:59 PM,38.857,"kWh","Electricity","578386","8771398385"
2/22/2020,11:59 PM,21.8349999999991,"kWh","Electricity","578386","8771398385"
2/23/2020,11:59 PM,32.6200000000026,"kWh","Electricity","578386","8771398385"
2/24/2020,11:59 PM,35.5449999999983,"kWh","Electricity","578386","8771398385"
2/25/2020,11:59 PM,36.405999999999,"kWh","Electricity","578386","8771398385"
2/26/2020,11:59 PM,38.5580000000009,"kWh","Electricity","578386","8771398385"
2/27/2020,11:59 PM,19.6860000000015,"kWh","Electricity","578386","8771398385"
2/28/2020,11:59 PM,26.6139999999978,"kWh","Electricity","578386","8771398385"
2/29/2020,11:59 PM,22.405999999999,"kWh","Electricity","578386","8771398385"
3/1/2020,11:59 PM,23.2669999999998,"kWh","Electricity","578386","8771398385"
3/2/2020,11:59 PM,22.9090000000033,"kWh","Electricity","578386","8771398385"
3/3/2020,11:59 PM,23.9629999999997,"kWh","Electricity","578386","8771398385"
3/4/2020,11:59 PM,25.5,"kWh","Electricity","578386","8771398385"
3/5/2020,11:59 PM,24.7030000000013,"kWh","Electricity","578386","8771398385"
3/6/2020,11:59 PM,28.3319999999985,"kWh","Electricity","578386","8771398385"
3/7/2020,11:59 PM,20.5449999999983,"kWh","Electricity","578386","8771398385"
3/8/2020,11:59 PM,18.8090000000011,"kWh","Electricity","578386","8771398385"
3/9/2020,11:59 PM,26.0889999999999,"kWh","Electricity","578386","8771398385"
3/10/2020,11:59 PM,17.280999999999,"kWh","Electricity","578386","8771398385"
3/11/2020,11:59 PM,20.8460000000014,"kWh","Electricity","578386","8771398385"
3/12/2020,11:59 PM,30.6270000000004,"kWh","Electricity","578386","8771398385"
3/13/2020,11:59 PM,31.4369999999981,"kWh","Electricity","578386","8771398385"
3/14/2020,11:59 PM,45.9880000000012,"kWh","Electricity","578386","8771398385"
3/15/2020,11:59 PM,29.5970000000016,"kWh","Electricity","578386","8771398385"
3/16/2020,11:59 PM,39.3410000000003,"kWh","Electricity","578386","8771398385"
3/17/2020,11:59 PM,23.6359999999986,"kWh","Electricity","578386","8771398385"
3/18/2020,11:59 PM,18.9959999999992,"kWh","Electricity","578386","8771398385"
3/19/2020,11:59 PM,21.3739999999998,"kWh","Electricity","578386","8771398385"
3/20/2020,11:59 PM,37.7639999999992,"kWh","Electricity","578386","8771398385"
3/21/2020,11:59 PM,23.6830000000009,"kWh","Electricity","578386","8771398385"
3/22/2020,11:59 PM,16.9259999999995,"kWh","Electricity","578386","8771398385"
3/23/2020,11:59 PM,14.4130000000005,"kWh","Electricity","578386","8771398385"
3/24/2020,11:59 PM,10.369999999999,"kWh","Electricity","578386","8771398385"
3/25/2020,11:59 PM,8.6929999999993,"kWh","Electricity","578386","8771398385"
3/26/2020,11:59 PM,8.81500000000233,"kWh","Electricity","578386","8771398385"
3/27/2020,11:59 PM,12.2089999999989,"kWh","Electricity","578386","8771398385"
3/28/2020,11:59 PM,12.8230000000003,"kWh","Electricity","578386","8771398385"
3/29/2020,11:59 PM,11.2669999999998,"kWh","Electricity","578386","8771398385"
3/30/2020,11:59 PM,11.0570000000007,"kWh","Electricity","578386","8771398385"
3/31/2020,11:59 PM,10.9120000000003,"kWh","Electricity","578386","8771398385"
4/1/2020,11:59 PM,10.2029999999977,"kWh","Electricity","578386","8771398385"
4/2/2020,11:59 PM,15.2680000000037,"kWh","Electricity","578386","8771398385"
4/3/2020,11:59 PM,29.1169999999984,"kWh","Electricity","578386","8771398385"
4/4/2020,11:59 PM,14.0730000000003,"kWh","Electricity","578386","8771398385"
4/5/2020,11:59 PM,8.72499999999854,"kWh","Electricity","578386","8771398385"
4/6/2020,11:59 PM,5.52900000000227,"kWh","Electricity","578386","8771398385"
4/7/2020,11:59 PM,7.91600000000108,"kWh","Electricity","578386","8771398385"
4/8/2020,11:59 PM,9.05399999999645,"kWh","Electricity","578386","8771398385"
4/9/2020,11:59 PM,12.1500000000015,"kWh","Electricity","578386","8771398385"
4/10/2020,11:59 PM,17.9399999999987,"kWh","Electricity","578386","8771398385"
4/11/2020,11:59 PM,29.9099999999999,"kWh","Electricity","578386","8771398385"
4/12/2020,10:15 PM,22.0970000000016,"kWh","Electricity","578386","8771398385"
4/13/2020,11:59 PM,22.1219999999994,"kWh","Electricity","578386","8771398385"
4/14/2020,11:59 PM,21.1029999999992,"kWh","Electricity","578386","8771398385"
4/15/2020,11:59 PM,15.0169999999998,"kWh","Electricity","578386","8771398385"
4/16/2020,11:59 PM,18.0950000000012,"kWh","Electricity","578386","8771398385"
4/17/2020,11:59 PM,13.8050000000003,"kWh","Electricity","578386","8771398385"
4/18/2020,11:59 PM,10.4470000000001,"kWh","Electricity","578386","8771398385"
4/19/2020,11:59 PM,8.06899999999951,"kWh","Electricity","578386","8771398385"
4/20/2020,11:59 PM,8.01300000000265,"kWh","Electricity","578386","8771398385"
4/21/2020,11:59 PM,9.76899999999659,"kWh","Electricity","578386","8771398385"
4/22/2020,11:59 PM,11.5839999999989,"kWh","Electricity","578386","8771398385"
4/23/2020,11:59 PM,10.8260000000009,"kWh","Electricity","578386","8771398385"
4/24/2020,11:59 PM,17.7380000000012,"kWh","Electricity","578386","8771398385"
4/25/2020,11:59 PM,18.2839999999997,"kWh","Electricity","578386","8771398385"
4/26/2020,11:59 PM,12.3770000000004,"kWh","Electricity","578386","8771398385"
4/27/2020,11:59 PM,11.625,"kWh","Electricity","578386","8771398385"
4/28/2020,11:59 PM,12.3990000000013,"kWh","Electricity","578386","8771398385"
4/29/2020,11:59 PM,6.48500000000058,"kWh","Electricity","578386","8771398385"
4/30/2020,11:59 PM,7.06899999999951,"kWh","Electricity","578386","8771398385"
5/1/2020,11:59 PM,9.26399999999921,"kWh","Electricity","578386","8771398385"
5/2/2020,11:59 PM,6.54200000000128,"kWh","Electricity","578386","8771398385"
5/3/2020,11:59 PM,7.44399999999951,"kWh","Electricity","578386","8771398385"
5/4/2020,11:59 PM,6.99099999999817,"kWh","Electricity","578386","8771398385"
5/5/2020,11:59 PM,6.50300000000061,"kWh","Electricity","578386","8771398385"
5/6/2020,11:59 PM,7.44499999999971,"kWh","Electricity","578386","8771398385"
5/7/2020,11:59 PM,13.5020000000004,"kWh","Electricity","578386","8771398385"
5/8/2020,11:59 PM,14.5430000000015,"kWh","Electricity","578386","8771398385"
5/9/2020,11:59 PM,11.6399999999994,"kWh","Electricity","578386","8771398385"
5/10/2020,11:59 PM,13.4599999999991,"kWh","Electricity","578386","8771398385"
5/11/2020,11:59 PM,12.3640000000014,"kWh","Electricity","578386","8771398385"
5/12/2020,11:59 PM,21.6729999999989,"kWh","Electricity","578386","8771398385"
5/13/2020,11:59 PM,13.1949999999997,"kWh","Electricity","578386","8771398385"
5/14/2020,11:59 PM,19.6589999999997,"kWh","Electricity","578386","8771398385"
5/15/2020,11:59 PM,31.7099999999991,"kWh","Electricity","578386","8771398385"
5/16/2020,11:59 PM,11.6860000000015,"kWh","Electricity","578386","8771398385"
5/17/2020,11:59 PM,23.8529999999992,"kWh","Electricity","578386","8771398385"
5/18/2020,11:59 PM,14.6589999999997,"kWh","Electricity","578386","8771398385"
5/19/2020,11:59 PM,20.5030000000006,"kWh","Electricity","578386","8771398385"
5/20/2020,11:59 PM,22.3120000000017,"kWh","Electricity","578386","8771398385"
5/21/2020,11:59 PM,18.601999999999,"kWh","Electricity","578386","8771398385"
5/22/2020,11:59 PM,14.0989999999983,"kWh","Electricity","578386","8771398385"
5/23/2020,11:59 PM,12.9710000000014,"kWh","Electricity","578386","8771398385"
5/24/2020,11:59 PM,15.2180000000008,"kWh","Electricity","578386","8771398385"
5/25/2020,11:59 PM,14.6809999999969,"kWh","Electricity","578386","8771398385"
5/26/2020,11:59 PM,23.4530000000013,"kWh","Electricity","578386","8771398385"
5/27/2020,11:59 PM,21.0840000000026,"kWh","Electricity","578386","8771398385"
5/28/2020,11:59 PM,25.9369999999981,"kWh","Electricity","578386","8771398385"
5/29/2020,11:59 PM,9.02100000000064,"kWh","Electricity","578386","8771398385"
5/30/2020,11:59 PM,8.64700000000084,"kWh","Electricity","578386","8771398385"
5/31/2020,11:59 PM,7.40399999999863,"kWh","Electricity","578386","8771398385"
6/1/2020,11:59 PM,5.21900000000096,"kWh","Electricity","578386","8771398385"
6/2/2020,11:59 PM,5.47499999999854,"kWh","Electricity","578386","8771398385"
6/3/2020,11:59 PM,5.65300000000207,"kWh","Electricity","578386","8771398385"
6/4/2020,11:59 PM,5.42099999999846,"kWh","Electricity","578386","8771398385"
6/5/2020,11:59 PM,12.0570000000007,"kWh","Electricity","578386","8771398385"
6/6/2020,11:59 PM,5.67299999999887,"kWh","Electricity","578386","8771398385"
6/7/2020,11:59 PM,4.34900000000198,"kWh","Electricity","578386","8771398385"
6/8/2020,11:59 PM,4.68499999999767,"kWh","Electricity","578386","8771398385"
6/9/2020,11:59 PM,5.00200000000041,"kWh","Electricity","578386","8771398385"
6/10/2020,11:59 PM,4.78900000000067,"kWh","Electricity","578386","8771398385"
6/11/2020,11:59 PM,4.64400000000023,"kWh","Electricity","578386","8771398385"
6/12/2020,11:59 PM,4.46600000000035,"kWh","Electricity","578386","8771398385"
6/13/2020,10:15 PM,4.30699999999706,"kWh","Electricity","578386","8771398385"
6/14/2020,11:59 PM,4.9210000000021,"kWh","Electricity","578386","8771398385"
6/15/2020,11:59 PM,4.53399999999965,"kWh","Electricity","578386","8771398385"
6/16/2020,11:59 PM,3.4429999999993,"kWh","Electricity","578386","8771398385"
6/17/2020,11:59 PM,4.54500000000189,"kWh","Electricity","578386","8771398385"
6/18/2020,11:59 PM,5.02699999999822,"kWh","Electricity","578386","8771398385"
6/19/2020,11:59 PM,4.83600000000297,"kWh","Electricity","578386","8771398385"
6/20/2020,11:59 PM,4.60199999999895,"kWh","Electricity","578386","8771398385"
6/21/2020,11:59 PM,3.67599999999948,"kWh","Electricity","578386","8771398385"
6/22/2020,11:59 PM,4.52799999999843,"kWh","Electricity","578386","8771398385"
6/23/2020,11:59 PM,4.71800000000076,"kWh","Electricity","578386","8771398385"
6/24/2020,11:59 PM,4.53299999999945,"kWh","Electricity","578386","8771398385"
6/25/2020,11:59 PM,4.37800000000061,"kWh","Electricity","578386","8771398385"
6/26/2020,11:59 PM,4.75400000000081,"kWh","Electricity","578386","8771398385"
6/27/2020,11:59 PM,3.62999999999738,"kWh","Electricity","578386","8771398385"
6/28/2020,11:59 PM,4.61300000000119,"kWh","Electricity","578386","8771398385"
6/29/2020,11:59 PM,4.42600000000311,"kWh","Electricity","578386","8771398385"
6/30/2020,11:59 PM,4.72899999999936,"kWh","Electricity","578386","8771398385"
7/1/2020,11:59 PM,3.99699999999939,"kWh","Electricity","578386","8771398385"
7/2/2020,11:59 PM,4.55299999999988,"kWh","Electricity","578386","8771398385"
7/3/2020,11:59 PM,4.68100000000049,"kWh","Electricity","578386","8771398385"
7/4/2020,11:59 PM,4.82200000000012,"kWh","Electricity","578386","8771398385"
7/5/2020,11:59 PM,3.69700000000012,"kWh","Electricity","578386","8771398385"
7/6/2020,11:59 PM,4.38699999999881,"kWh","Electricity","578386","8771398385"
7/7/2020,11:59 PM,4.77000000000044,"kWh","Electricity","578386","8771398385"
7/8/2020,11:59 PM,4.55199999999968,"kWh","Electricity","578386","8771398385"
7/9/2020,11:59 PM,4.51399999999921,"kWh","Electricity","578386","8771398385"
7/10/2020,11:59 PM,3.36800000000221,"kWh","Electricity","578386","8771398385"
7/11/2020,11:59 PM,4.55599999999686,"kWh","Electricity","578386","8771398385"
7/12/2020,11:59 PM,4.56900000000314,"kWh","Electricity","578386","8771398385"
7/13/2020,11:59 PM,3.14899999999761,"kWh","Electricity","578386","8771398385"
7/14/2020,11:59 PM,4.47999999999956,"kWh","Electricity","578386","8771398385"
7/15/2020,11:59 PM,4.56300000000192,"kWh","Electricity","578386","8771398385"
7/16/2020,11:59 PM,4.30299999999988,"kWh","Electricity","578386","8771398385"
7/17/2020,11:59 PM,4.24799999999959,"kWh","Electricity","578386","8771398385"
7/18/2020,11:59 PM,3,"kWh","Electricity","578386","8771398385"
7/19/2020,11:59 PM,4.26499999999942,"kWh","Electricity","578386","8771398385"
7/20/2020,11:59 PM,17.8590000000004,"kWh","Electricity","578386","8771398385"
7/21/2020,11:59 PM,11.3179999999993,"kWh","Electricity","578386","8771398385"
7/22/2020,11:59 PM,11.2180000000008,"kWh","Electricity","578386","8771398385"
7/23/2020,11:59 PM,12.0420000000013,"kWh","Electricity","578386","8771398385"
7/24/2020,11:59 PM,11.2099999999991,"kWh","Electricity","578386","8771398385"
7/25/2020,11:59 PM,10.6389999999992,"kWh","Electricity","578386","8771398385"
7/26/2020,11:59 PM,9.20300000000134,"kWh","Electricity","578386","8771398385"
7/27/2020,11:59 PM,11.5479999999989,"kWh","Electricity","578386","8771398385"
7/28/2020,11:59 PM,7.97200000000157,"kWh","Electricity","578386","8771398385"
7/29/2020,11:59 PM,10.7749999999978,"kWh","Electricity","578386","8771398385"
7/30/2020,10:15 AM,4.00200000000041,"kWh","Electricity","578386","8771398385"
7/31/2020,11:59 PM,16.643,"kWh","Electricity","578386","8771398385"
